strategy	regret
actual	31.871135765546455
uniform	121.39837804099216
just-0	3.02756531339503
just-1	29.334185410039026
just-2	369.04925974357974
