strategy	regret
actual	29.054140491704516
uniform	122.88131566603636
just-0	4.510502938439231
just-1	30.817123035083227
just-2	370.53219736862394
