strategy	regret
actual	33.354073390590656
uniform	122.88131566603636
just-0	4.510502938439231
just-1	30.817123035083227
just-2	370.53219736862394
