strategy	regret
actual	27.571203
uniform	121.398378
just-0	3.027565
just-1	29.334185
just-2	369.049260
