strategy	regret
actual	31.87114
uniform	121.39838
just-0	3.02757
just-1	29.33419
just-2	369.04926
